person_id,target,partner
0,1,298
1,0,521
2,0,476
3,1,670
4,1,568
5,0,408
6,0,134
7,1,366
8,1,560
9,1,666
10,0,53
11,1,861
12,1,21
13,0,42
14,0,515
15,1,6
16,0,375
17,1,719
18,1,215
19,1,342
20,0,766
21,1,288
22,0,986
23,1,412
24,0,904
25,0,441
26,0,438
27,1,807
28,1,491
29,1,128
30,0,956
31,0,368
32,0,848
33,1,582
34,1,971
35,1,178
36,0,525
37,0,990
38,0,471
39,1,30
40,1,377
41,1,688
42,0,775
43,1,372
44,1,431
45,0,25
46,0,707
47,1,167
48,1,533
49,1,850
50,1,415
51,1,171
52,1,352
53,0,44
54,1,396
55,0,176
56,1,989
57,0,389
58,0,677
59,1,767
60,0,901
61,1,239
62,1,665
63,1,971
64,0,752
65,1,517
66,0,448
67,1,293
68,0,344
69,1,518
70,0,202
71,1,165
72,1,413
73,1,346
74,1,590
75,1,199
76,1,939
77,1,75
78,0,53
79,0,226
80,1,694
81,1,964
82,1,169
83,1,735
84,0,620
85,0,589
86,1,88
87,0,109
88,0,116
89,0,662
90,0,332
91,0,13
92,0,818
93,0,105
94,0,809
95,1,709
96,0,339
97,0,499
98,1,298
99,0,516
100,0,534
101,1,167
102,0,561
103,0,797
104,0,268
105,0,213
106,0,841
107,0,447
108,1,503
109,0,847
110,1,458
111,0,806
112,1,637
113,0,605
114,1,942
115,0,265
116,1,179
117,0,39
118,1,133
119,0,238
120,1,502
121,1,852
122,1,660
123,0,293
124,1,792
125,1,653
126,1,432
127,0,782
128,1,154
129,1,488
130,1,914
131,0,257
132,1,599
133,0,81
134,0,700
135,1,816
136,1,849
137,1,857
138,1,841
139,0,379
140,1,541
141,1,385
142,1,418
143,1,309
144,1,714
145,0,789
146,0,922
147,0,571
148,0,31
149,0,123
150,1,287
151,1,383
152,1,523
153,1,208
154,0,206
155,1,928
156,1,81
157,1,832
158,1,722
159,0,560
160,1,901
161,1,355
162,1,82
163,1,256
164,1,130
165,1,78
166,0,256
167,1,503
168,0,223
169,0,45
170,0,726
171,0,519
172,1,865
173,0,2
174,1,433
175,1,424
176,1,887
177,1,127
178,1,449
179,1,46
180,1,708
181,0,848
182,1,883
183,1,797
184,1,350
185,1,246
186,1,263
187,0,498
188,1,620
189,1,25
190,0,9
191,1,988
192,0,177
193,1,329
194,1,456
195,0,389
196,0,514
197,0,96
198,0,130
199,1,580
200,1,31
201,1,121
202,0,139
203,0,196
204,0,694
205,0,597
206,1,195
207,0,314
208,1,600
209,1,231
210,1,996
211,0,455
212,1,778
213,1,678
214,1,347
215,0,872
216,0,22
217,1,45
218,0,214
219,0,39
220,1,34
221,0,260
222,0,675
223,1,679
224,0,244
225,1,109
226,1,109
227,1,992
228,0,140
229,0,299
230,0,264
231,1,123
232,1,470
233,0,202
234,0,284
235,1,899
236,0,11
237,0,677
238,1,671
239,0,955
240,0,315
241,1,734
242,1,742
243,1,470
244,0,437
245,0,953
246,1,14
247,1,602
248,0,591
249,1,568
250,0,860
251,1,226
252,0,746
253,1,47
254,1,391
255,1,995
256,0,904
257,0,688
258,0,113
259,0,718
260,0,653
261,0,858
262,1,462
263,0,860
264,0,862
265,0,562
266,0,453
267,1,550
268,1,391
269,1,601
270,1,978
271,0,493
272,0,468
273,0,661
274,0,650
275,1,624
276,1,153
277,1,229
278,0,719
279,0,629
280,0,388
281,1,78
282,1,353
283,0,320
284,0,711
285,0,483
286,1,45
287,0,10
288,0,991
289,0,271
290,1,730
291,0,388
292,0,407
293,1,266
294,1,113
295,0,799
296,0,265
297,0,40
298,1,943
299,1,871
300,1,725
301,1,202
302,0,940
303,0,239
304,0,37
305,0,241
306,0,532
307,1,355
308,0,752
309,0,397
310,1,812
311,0,629
312,1,177
313,0,893
314,0,970
315,0,675
316,1,766
317,0,11
318,1,753
319,1,373
320,1,970
321,1,830
322,1,214
323,0,689
324,0,452
325,0,764
326,0,434
327,0,45
328,0,936
329,0,121
330,0,722
331,0,714
332,1,770
333,1,857
334,1,625
335,1,68
336,1,470
337,0,768
338,0,45
339,0,555
340,0,997
341,1,561
342,0,310
343,1,558
344,1,92
345,0,597
346,0,116
347,0,930
348,1,472
349,1,425
350,1,362
351,1,27
352,0,425
353,0,591
354,1,836
355,0,951
356,1,879
357,1,247
358,1,367
359,0,960
360,1,549
361,1,3
362,1,6
363,1,771
364,0,820
365,1,312
366,1,697
367,1,40
368,0,701
369,0,585
370,0,713
371,0,350
372,1,38
373,0,774
374,1,30
375,0,685
376,0,27
377,1,807
378,1,227
379,0,409
380,0,153
381,0,18
382,0,901
383,0,550
384,0,87
385,0,736
386,1,929
387,1,83
388,0,422
389,0,746
390,1,724
391,0,985
392,1,421
393,0,856
394,0,77
395,0,464
396,0,62
397,0,753
398,0,987
399,0,545
400,1,527
401,1,498
402,0,923
403,1,719
404,1,170
405,1,485
406,0,498
407,0,669
408,0,600
409,0,716
410,1,419
411,1,559
412,0,453
413,0,582
414,1,230
415,0,818
416,1,61
417,0,150
418,1,372
419,0,744
420,0,286
421,1,365
422,1,950
423,1,7
424,0,982
425,1,766
426,1,346
427,1,847
428,1,239
429,1,757
430,0,246
431,0,724
432,1,442
433,1,429
434,1,872
435,1,365
436,1,369
437,0,46
438,1,205
439,1,1
440,1,726
441,1,913
442,0,322
443,1,846
444,0,583
445,1,557
446,0,636
447,1,816
448,1,587
449,0,416
450,1,374
451,0,378
452,0,447
453,0,816
454,0,107
455,0,923
456,0,623
457,0,347
458,0,445
459,0,516
460,0,467
461,1,24
462,1,105
463,1,217
464,1,142
465,0,889
466,1,861
467,0,495
468,0,968
469,1,273
470,1,645
471,0,62
472,1,485
473,0,416
474,1,475
475,1,898
476,1,267
477,0,756
478,0,144
479,1,40
480,0,644
481,1,14
482,1,536
483,1,169
484,0,613
485,0,597
486,0,2
487,0,973
488,1,421
489,0,316
490,1,292
491,0,224
492,1,569
493,0,149
494,0,237
495,1,643
496,0,956
497,0,50
498,1,355
499,1,893
500,1,849
501,1,363
502,0,795
503,1,573
504,0,806
505,1,86
506,0,716
507,0,111
508,1,874
509,1,695
510,0,3
511,1,264
512,1,571
513,1,668
514,0,27
515,0,329
516,0,894
517,1,57
518,0,212
519,0,32
520,1,885
521,1,517
522,0,316
523,0,222
524,1,309
525,1,553
526,0,822
527,0,866
528,0,562
529,1,89
530,0,37
531,1,47
532,1,498
533,0,830
534,1,503
535,0,721
536,1,400
537,1,745
538,1,891
539,1,236
540,1,6
541,0,658
542,0,639
543,1,917
544,0,139
545,1,626
546,0,209
547,0,141
548,0,891
549,1,276
550,0,291
551,1,218
552,1,638
553,0,578
554,0,426
555,1,384
556,1,546
557,1,74
558,0,671
559,0,43
560,1,164
561,1,876
562,1,202
563,1,712
564,1,645
565,0,338
566,1,512
567,1,201
568,0,634
569,1,720
570,0,870
571,0,233
572,0,277
573,0,792
574,0,387
575,0,638
576,1,25
577,1,511
578,0,910
579,1,176
580,1,452
581,1,382
582,0,625
583,1,469
584,1,459
585,0,858
586,1,222
587,1,658
588,1,462
589,0,390
590,0,63
591,1,801
592,1,575
593,0,525
594,1,586
595,0,898
596,0,671
597,1,645
598,1,705
599,1,511
600,1,606
601,0,590
602,1,250
603,0,729
604,1,859
605,1,248
606,1,279
607,1,590
608,1,993
609,1,707
610,0,342
611,0,297
612,1,584
613,1,381
614,1,95
615,1,925
616,1,577
617,1,14
618,1,729
619,0,845
620,0,100
621,0,522
622,0,174
623,0,593
624,1,728
625,1,947
626,1,61
627,0,579
628,0,622
629,0,43
630,1,120
631,1,188
632,0,555
633,1,831
634,1,432
635,0,162
636,0,68
637,1,502
638,0,94
639,0,518
640,1,715
641,1,498
642,1,118
643,0,664
644,1,378
645,0,738
646,0,161
647,1,875
648,0,66
649,0,296
650,1,714
651,1,849
652,1,40
653,0,513
654,1,972
655,0,447
656,1,891
657,1,318
658,1,507
659,1,880
660,1,696
661,0,491
662,0,531
663,0,289
664,0,819
665,0,856
666,1,993
667,0,159
668,0,567
669,0,955
670,0,784
671,0,822
672,1,895
673,0,194
674,0,869
675,0,306
676,0,697
677,0,843
678,0,657
679,0,781
680,0,39
681,0,701
682,0,369
683,0,416
684,1,694
685,0,776
686,0,315
687,0,753
688,1,868
689,0,967
690,0,788
691,1,856
692,1,168
693,0,383
694,0,505
695,1,628
696,0,598
697,1,830
698,0,17
699,0,479
700,0,934
701,0,377
702,0,246
703,0,480
704,0,548
705,1,989
706,0,417
707,1,387
708,0,179
709,1,297
710,0,859
711,1,182
712,0,886
713,0,723
714,0,522
715,0,644
716,1,693
717,1,10
718,0,74
719,1,835
720,0,575
721,0,435
722,0,796
723,1,907
724,0,390
725,0,74
726,1,177
727,0,299
728,0,891
729,0,592
730,0,28
731,0,282
732,1,0
733,1,371
734,1,936
735,1,873
736,1,679
737,1,306
738,1,121
739,1,475
740,1,24
741,0,323
742,0,255
743,0,746
744,1,324
745,1,840
746,1,233
747,0,669
748,0,488
749,0,573
750,0,572
751,0,406
752,0,386
753,1,312
754,1,374
755,0,727
756,0,102
757,0,270
758,1,698
759,0,266
760,0,521
761,0,720
762,1,556
763,0,121
764,0,77
765,1,231
766,0,599
767,1,350
768,1,619
769,0,304
770,0,988
771,0,251
772,1,732
773,0,186
774,0,270
775,1,374
776,1,899
777,1,182
778,0,118
779,1,899
780,1,879
781,0,51
782,1,707
783,1,630
784,1,658
785,0,598
786,1,952
787,0,152
788,1,524
789,1,630
790,0,166
791,0,997
792,1,810
793,0,301
794,0,583
795,1,263
796,1,365
797,0,40
798,1,509
799,0,727
800,0,314
801,1,550
802,1,732
803,1,948
804,0,452
805,1,476
806,1,948
807,0,740
808,1,545
809,1,899
810,1,916
811,1,950
812,0,121
813,0,758
814,1,775
815,0,194
816,1,574
817,1,970
818,0,869
819,1,915
820,0,204
821,0,869
822,1,559
823,0,476
824,1,622
825,0,11
826,0,827
827,0,75
828,1,662
829,1,442
830,1,203
831,1,310
832,0,640
833,1,845
834,0,596
835,0,186
836,1,69
837,0,28
838,1,533
839,1,253
840,0,108
841,0,898
842,1,272
843,0,685
844,1,803
845,1,387
846,0,848
847,0,663
848,0,161
849,1,801
850,1,403
851,1,86
852,1,734
853,0,818
854,0,818
855,1,143
856,0,680
857,1,386
858,0,211
859,0,605
860,1,403
861,1,124
862,1,81
863,0,231
864,0,727
865,0,829
866,0,749
867,1,150
868,0,256
869,1,651
870,0,670
871,0,514
872,1,444
873,1,407
874,1,394
875,0,633
876,1,76
877,0,749
878,1,315
879,1,87
880,0,327
881,0,607
882,1,75
883,1,377
884,1,953
885,0,185
886,1,423
887,1,30
888,0,696
889,0,643
890,1,866
891,1,740
892,0,498
893,0,685
894,0,919
895,0,509
896,1,815
897,1,621
898,0,208
899,0,891
900,1,460
901,1,461
902,0,403
903,1,795
904,0,490
905,1,261
906,1,156
907,1,579
908,0,716
909,0,488
910,1,311
911,1,913
912,1,997
913,1,723
914,0,480
915,0,993
916,1,562
917,1,585
918,0,461
919,0,485
920,1,475
921,0,456
922,0,954
923,0,679
924,0,645
925,1,729
926,0,210
927,1,826
928,0,300
929,1,53
930,0,110
931,1,285
932,1,383
933,0,713
934,1,765
935,1,998
936,0,854
937,0,298
938,0,810
939,0,41
940,0,277
941,0,681
942,1,427
943,1,536
944,0,281
945,1,352
946,1,203
947,0,667
948,1,115
949,1,625
950,0,617
951,0,513
952,1,222
953,0,694
954,0,167
955,1,326
956,1,244
957,0,447
958,0,784
959,1,487
960,1,409
961,0,795
962,0,938
963,1,121
964,0,986
965,0,143
966,1,423
967,1,98
968,1,433
969,0,507
970,0,815
971,1,420
972,1,622
973,1,271
974,1,544
975,0,162
976,1,981
977,1,254
978,1,114
979,0,267
980,0,668
981,0,390
982,1,110
983,1,523
984,0,35
985,0,283
986,1,632
987,0,421
988,1,563
989,0,797
990,1,649
991,0,417
992,1,301
993,0,635
994,0,1
995,1,684
996,0,353
997,0,803
998,0,540
999,1,327
